CGCMT16C1,304101574,1,1-001,20180312,,THE STRIP,6338-6765 STRIP AVENUE NORTHWEST,NORTH CANTON,OH,44720,,RT,1996,,786928,0,6,1,1,99042387.58,N,,20160301,140640000,,,,1,20170930,20170930,0.01,0.03,0.07,0.07,0.81,Wal-Mart,149429,Lowes,130497,Giant Eagle,90854,12,20160601,11127799,2535228,8592571,1.3457,140640000,20160301,1,20170829,20161231,11387024,2432953,8954071,6384963,1.4023,1,,,,,,,,20160601,8775458,1903550,6871908,4788722,1.4350,20170101,20170930,YN,8156834,1.2775,8518334,1.3341,,,6545106,1.3667,CMSA,N,20211025,20210930,20220131,3,,N,Cinemark Store,66338,Best Buy Stores  L.P.,42496,20251231,20210131,,
CGCMT16C1,407000624,2,2-044,20180312,,308 HARPER DRIVE,308 HARPER DRIVE,MOORESTOWN,NJ,08057,,98,1976,,59500,0,6,0.00854390,0.00854390,341756,Y,,20160116,2020000,,,,,,,,,,,,,,,,,,,20160518,107496,0,107496,1.7302,2020000,20160116,0.7220,,,,,,,,,,,,,,,,20160601,,,,,,,,,107496,1.7302,,,,,,,CMSA,,,,,,,N,,,,,,,,
CGCMT16C1,407000624,2,2-030,20180312,,303 FELLOWSHIP ROAD,303 FELLOWSHIP ROAD,MOUNT LAUREL,NJ,08054,,98,1979,,53768,0,6,0.016115,0.016115,644600,Y,,20160116,3810000,,,,,,,,,,,,,,,,,,,20160518,213539,0,213539,2.1529,3810000,20160116,0.8540,,,,,,,,,,,,,,,,20160601,,,,,,,,,213539,2.1529,,,,,,,CMSA,,,,,,,N,,,,,,,,
CGCMT16C1,407000624,2,2-016,20180312,,305 FELLOWSHIP ROAD,305 FELLOWSHIP ROAD,MOUNT LAUREL,NJ,08054,,98,1980,,56583,0,6,0.02047160,0.02047160,818864,Y,,20160116,4840000,,,,,,,,,,,,,,,,,,,20160518,271265,0,271265,2.0568,4840000,20160116,0.9530,,,,,,,,,,,,,,,,20160601,,,,,,,,,271265,2.0568,,,,,,,CMSA,,,,,,,N,,,,,,,,
CGCMT16C1,407000624,2,2-036,20180312,,307 FELLOWSHIP ROAD,307 FELLOWSHIP ROAD,MOUNT LAUREL,NJ,08054,,98,1981,,54073,0,6,0.01057420,0.01057420,422968,Y,,20160116,2500000,,,,,,,,,,,,,,,,,,,20160518,160005,0,160005,1.9838,2500000,20160116,1,,,,,,,,,,,,,,,,20160601,,,,,,,,,160005,1.9838,,,,,,,CMSA,,,,,,,N,,,,,,,,
CGCMT16C1,407000624,2,2-014,20180312,,309 FELLOWSHIP ROAD,309 FELLOWSHIP ROAD,MOUNT LAUREL,NJ,08054,,98,1982,,55698,0,6,0.01971030,0.01971030,788412,Y,,20160116,4660000,,,,,,,,,,,,,,,,,,,20160518,261263,0,261263,1.7625,4660000,20160116,0.93,,,,,,,,,,,,,,,,20160601,,,,,,,,,261263,1.7625,,,,,,,CMSA,,,,,,,N,,,,,,,,
CGCMT16C1,407000624,2,2-002,20180312,,700 EAST GATE DRIVE,700 EAST GATE DRIVE,MOUNT LAUREL,NJ,08054,,98,1984,,119272,0,6,0.05853860,0.05853860,2341544,Y,,20160116,13840000,,,,,,,,,,,,,,,,,,,20160518,775025,0,775025,1.7776,13840000,20160116,0.8440,20170508,,,,,,,,,,,,,,,20160601,,,,,,,,,775025,1.7776,,,,,,,CMSA,N,,,,3,,N,,,,,,,,
CGCMT16C1,407000624,2,2-017,20180312,,701 EAST GATE DRIVE,701 EAST GATE DRIVE,MOUNT LAUREL,NJ,08054,,98,1986,,61794,0,6,0.018526,0.018526,741040,Y,,20160116,4380000,,,,,,,,,,,,,,,,,,,20160518,232907,0,232907,1.7807,4380000,20160116,0.9120,,,,,,,,,,,,,,,,20160601,,,,,,,,,232907,1.7807,,,,,,,CMSA,,,,,,,N,,,,,,,,
CGCMT16C1,407000624,2,2-041,20180312,,815 EAST GATE DRIVE,815 EAST GATE DRIVE,MOUNT LAUREL,NJ,08054,,98,1986,,25500,0,6,0.010003,0.010003,400120,Y,,20160116,2364963,,,,,,,,,,,,,,,,,,,20160518,126025,0,126025,1.8066,2364963,20160116,1,,,,,,,,,,,,,,,,20160601,,,,,,,,,126025,1.8066,,,,,,,CMSA,,,,,,,N,,,,,,,,
CGCMT16C1,407000624,2,2-057,20180312,,161 GAITHER DRIVE,161 GAITHER DRIVE,MOUNT LAUREL,NJ,08054,,98,1987,,44739,0,6,0.00207250,0.00207250,82900,Y,,20160116,490000,,,,,,,,,,,,,,,,,,,20160518,27445,0,27445,1.6786,490000,20160116,0.8070,,,,,,,,,,,,,,,,20160601,,,,,,,,,27445,1.6786,,,,,,,CMSA,,,,,,,N,,,,,,,,
CGCMT16C1,407000624,2,2-043,20180312,,4364 SOUTH ALSTON AVENUE,4364 SOUTH ALSTON AVENUE,DURHAM,NC,27713,,98,1985,,57245,0,6,0.00816330,0.00816330,326532,Y,,20160116,1930000,,,,,,,,,,,,,,,,,,,20160518,118810,0,118810,1.8794,1930000,20160116,0.9560,20180130,,,,,,,,,,,,,,,20160601,,,,,,,,,118810,1.8794,,,,,,,CMSA,N,,,,3,,N,,,,,,,,
CGCMT16C1,407000624,2,2-032,20180312,,910 HARVEST DRIVE,910 HARVEST DRIVE,BLUE BELL,PA,19422,,98,1989,,52611,0,6,0.01421170,0.01421170,568468,Y,,20160116,3360000,,,,,,,,,,,,,,,,,,,20160518,178756,0,178756,1.8222,3360000,20160116,1,,,,,,,,,,,,,,,,20160601,,,,,,,,,178756,1.8222,,,,,,,CMSA,,,,,,,N,,,,,,,,
CGCMT16C1,407000624,2,2-011,20180312,,925 HARVEST DRIVE,925 HARVEST DRIVE,BLUE BELL,PA,19422,,98,1990,,62957,0,6,0.02812730,0.02812730,1125092,Y,,20160116,6650000,,,,,,,,,,,,,,,,,,,20160518,372359,0,372359,1.8979,6650000,20160116,0.9340,,,,,,,,,,,,,,,,20160601,,,,,,,,,372359,1.8979,,,,,,,CMSA,,,,,,,N,,,,,,,,
CGCMT16C1,407000624,2,2-013,20180312,,980 HARVEST DRIVE,980 HARVEST DRIVE,BLUE BELL,PA,19422,,98,1988,,62379,0,6,0.02601250,0.02601250,1040500,Y,,20160116,6150000,,,,,,,,,,,,,,,,,,,20160518,345449,0,345449,1.9809,6150000,20160116,0.7780,,,,,,,,,,,,,,,,20160601,,,,,,,,,345449,1.9809,,,,,,,CMSA,,,,,,,N,,,,,,,,
CGCMT16C1,407000624,2,2-029,20180312,,500 ENTERPRISE ROAD,500 ENTERPRISE ROAD,HORSHAM,PA,19044,,98,1991,,66751,0,6,0.01247750,0.01247750,499100,Y,,20160116,2950000,,,,,,,,,,,,,,,,,,,20160518,149659,0,149659,1.4607,2950000,20160116,1,,,,,,,,,,,,,,,,20160601,,,,,,,,,149659,1.4607,,,,,,,CMSA,,,,,,,N,,,,,,,,
CGCMT16C1,407000624,2,2-035,20180312,,1 PROGRESS DRIVE,1 PROGRESS DRIVE,HORSHAM,PA,19044,,98,1988,,79204,0,6,0.01438090,0.01438090,575236,Y,,20160116,3400000,,,,,,,,,,,,,,,,,,,20160518,170887,0,170887,1.9598,3400000,20160116,1,,,,,,,,,,,,,,,,20160601,,,,,,,,,170887,1.9598,,,,,,,CMSA,,,,,,,N,,,,,,,,
CGCMT16C1,407000624,2,2-012,20180312,,555 CROTON ROAD,555 CROTON ROAD,KING OF PRUSSIA,PA,19406,,98,1999,,96909,0,6,0.03129960,0.03129960,1251984,Y,,20160116,7400000,,,,,,,,,,,,,,,,,,,20160518,413179,0,413179,2.2299,7400000,20160116,0.7110,,,,,,,,,,,,,,,,20160601,,,,,,,,,413179,2.2299,,,,,,,CMSA,,,,,,,N,,,,,,,,
CGCMT16C1,407000624,2,2-042,20180312,,120 WEST GERMANTOWN PIKE,120 WEST GERMANTOWN PIKE,PLYMOUTH MEETING,PA,19462,,98,1985,,30574,0,6,0.01023580,0.01023580,409432,Y,,20160116,2420000,,,,,,,,,,,,,,,,,,,20160518,128867,0,128867,1.8767,2420000,20160116,0.7990,,,,,,,,,,,,,,,,20160601,,,,,,,,,128867,1.8767,,,,,,,CMSA,,,,,,,N,,,,,,,,
CGCMT16C1,407000624,2,2-037,20180312,,140 WEST GERMANTOWN PIKE,140 WEST GERMANTOWN PIKE,PLYMOUTH MEETING,PA,19462,,98,1985,,25357,0,6,0.01205460,0.01205460,482184,Y,,20160116,2850000,,,,,,,,,,,,,,,,,,,20160518,140070,0,140070,1.7366,2850000,20160116,0.8080,,,,,,,,,,,,,,,,20160601,,,,,,,,,140070,1.7366,,,,,,,CMSA,,,,,,,N,,,,,,,,
CGCMT16C1,407000624,2,2-024,20180312,,2240-2250 BUTLER PIKE,2240-2250 BUTLER PIKE,PLYMOUTH MEETING,PA,19462,,98,1970,,52229,0,6,0.01776460,0.01776460,710584,Y,,20160116,4200000,,,,,,,,,,,,,,,,,,,20160518,206222,0,206222,1.72,4200000,20160116,1,,,,,,,,,,,,,,,,20160601,,,,,,,,,206222,1.72,,,,,,,CMSA,,,,,,,N,,,,,,,,
CGCMT16C1,407000624,2,2-034,20180312,,2260 BUTLER PIKE,2260 BUTLER PIKE,PLYMOUTH MEETING,PA,19462,,98,1984,,31892,0,6,0.01357720,0.01357720,543088,Y,,20160116,3210000,,,,,,,,,,,,,,,,,,,20160518,172612,0,172612,1.9796,3210000,20160116,0.7040,,,,,,,,,,,,,,,,20160601,,,,,,,,,172612,1.9796,,,,,,,CMSA,,,,,,,N,,,,,,,,
CGCMT16C1,407000624,2,2-026,20180312,,4401 FAIR LAKES COURT,4401 FAIR LAKES COURT,FAIRFAX,VA,22033,,98,1987,,55828,0,6,0.01290050,0.01290050,516020,Y,,20160116,3050000,,,,,,,,,,,,,,,,,,,20160518,153923,0,153923,1.3845,3050000,20160116,0.8760,,,,,,,,,,,,,,,,20160601,,,,,,,,,153923,1.3845,,,,,,,CMSA,,,,,,,N,,,,,,,,
CGCMT16C1,407000624,2,2-009,20180312,,12015 LEE JACKSON MEMORIAL HIGHWAY,12015 LEE JACKSON MEMORIAL HIGHWAY,FAIRFAX,VA,22033,,98,1985,,150758,0,6,0.02601250,0.02601250,1040500,Y,,20160116,6150000,,,,,,,,,,,,,,,,,,,20160518,309904,0,309904,1.3539,6150000,20160116,0.7220,,,,,,,,,,,,,,,,20160601,,,,,,,,,309904,1.3539,,,,,,,CMSA,,,,,,,N,,,,,,,,
CGCMT16C1,407000624,2,2-015,20180312,,11781 LEE JACKSON MEMORIAL HIGHWAY,11781 LEE JACKSON MEMORIAL HIGHWAY,FAIRFAX,VA,22033,,98,1982,,130381,0,6,0.01670720,0.01670720,668288,Y,,20160116,3950000,,,,,,,,,,,,,,,,,,,20160518,200205,0,200205,1.4129,3950000,20160116,0.7790,,,,,,,,,,,,,,,,20160601,,,,,,,,,200205,1.4129,,,,,,,CMSA,,,,,,,N,,,,,,,,
CGCMT16C1,407000624,2,2-025,20180312,,4805 LAKE BROOK DRIVE,4805 LAKE BROOK DRIVE,GLEN ALLEN,VA,23060,,98,1995,,60208,0,6,0.016390,0.016390,655600,Y,,20160116,3875000,,,,,,,,,,,,,,,,,,,20160518,195310,0,195310,1.7397,3875000,20160116,0.7390,,,,,,,,,,,,,,,,20160601,,,,,,,,,195310,1.7397,,,,,,,CMSA,,,,,,,N,,,,,,,,
CGCMT16C1,407000624,2,2-019,20180312,,4880 SADLER ROAD,4880 SADLER ROAD,GLEN ALLEN,VA,23060,,98,1998,,63427,0,6,0.014833,0.014833,593320,Y,,20160116,3506901,,,,,,,,,,,,,,,,,,,20160518,206359,0,206359,1.5777,3506901,20160116,1,,,,,,,,,,,,,,,,20160601,,,,,,,,,206359,1.5777,,,,,,,CMSA,,,,,,,N,,,,,,,,
CGCMT16C1,407000624,2,2-027,20180312,,9100 ARBORETUM PARKWAY,9100 ARBORETUM PARKWAY,RICHMOND,VA,23236,,98,1988,,58446,0,6,0.01406370,0.01406370,562548,Y,,20160116,3325000,,,,,,,,,,,,,,,,,,,20160518,197056,0,197056,1.8079,3325000,20160116,0.8460,,,,,,,,,,,,,,,,20160601,,,,,,,,,197056,1.8079,,,,,,,CMSA,,,,,,,N,,,,,,,,
CGCMT16C1,407000624,2,2-038,20180312,,9200 ARBORETUM PARKWAY,9200 ARBORETUM PARKWAY,RICHMOND,VA,23236,,98,1988,,49542,0,6,0.00856510,0.00856510,342604,Y,,20160116,2025000,,,,,,,,,,,,,,,,,,,20160518,152677,0,152677,2.1224,2025000,20160116,1,,,,,,,,,,,,,,,,20160601,,,,,,,,,152677,2.1224,,,,,,,CMSA,,,,,,,N,,,,,,,,
CGCMT16C1,407000624,2,2-001,20180312,,300 ARBORETUM PLACE,300 ARBORETUM PLACE,RICHMOND,VA,23236,,98,1988,,214209,0,6,0.06894360,0.06894360,2757744,Y,,20160116,16300000,,,,,,,,,,,,,,,,,,,20160518,1004050,0,1004050,1.8062,16300000,20160116,1,20170428,,,,,,,,,,,,,,,20160601,,,,,,,,,1004050,1.8062,,,,,,,CMSA,N,,,,3,,N,,,,,,,,
CGCMT16C1,407000624,2,2-039,20180312,,9210 ARBORETUM PARKWAY,9210 ARBORETUM PARKWAY,RICHMOND,VA,23236,,98,1988,,48423,0,6,0.01099710,0.01099710,439884,Y,,20160116,2600000,,,,,,,,,,,,,,,,,,,20160518,135171,0,135171,1.8790,2600000,20160116,1,,,,,,,,,,,,,,,,20160601,,,,,,,,,135171,1.8790,,,,,,,CMSA,,,,,,,N,,,,,,,,
CGCMT16C1,407000624,2,2-033,20180312,,9011 ARBORETUM PARKWAY,9011 ARBORETUM PARKWAY,RICHMOND,VA,23236,,98,1990,,73183,0,6,0.01670720,0.01670720,668288,Y,,20160116,3950000,,,,,,,,,,,,,,,,,,,20160518,150211,0,150211,1.5312,3950000,20160116,0.66,,,,,,,,,,,,,,,,20160601,,,,,,,,,150211,1.5312,,,,,,,CMSA,,,,,,,N,,,,,,,,
CGCMT16C1,407000624,2,2-055,20180312,,9211 ARBORETUM PARKWAY,9211 ARBORETUM PARKWAY,RICHMOND,VA,23236,,98,1991,,30791,0,6,0.00592150,0.00592150,236860,Y,,20160116,1400000,,,,,,,,,,,,,,,,,,,20160518,75014,0,75014,1.9117,1400000,20160116,1,,,,,,,,,,,,,,,,20160601,,,,,,,,,75014,1.9117,,,,,,,CMSA,,,,,,,N,,,,,,,,
CGCMT16C1,407000624,2,2-007,20180312,,7501 BOULDER VIEW DRIVE,7501 BOULDER VIEW DRIVE,RICHMOND,VA,23225,,98,1989,,136654,0,6,0.035635,0.035635,1425400,Y,,20160108,8425000,,,,,,,,,,,,,,,,,,,20160518,438025,0,438025,1.5108,8425000,20160108,1,,,,,,,,,,,,,,,,20160601,,,,,,,,,438025,1.5108,,,,,,,CMSA,,,,,,,N,,,,,,,,
CGCMT16C1,407000624,2,2-020,20180312,,1025 BOULDERS PARKWAY,1025 BOULDERS PARKWAY,RICHMOND,VA,23225,,98,1994,,93143,0,6,0.01713020,0.01713020,685208,Y,,20160116,4050000,,,,,,,,,,,,,,,,,,,20160518,204350,0,204350,1.5624,4050000,20160116,0.8440,,,,,,,,,,,,,,,,20160601,,,,,,,,,204350,1.5624,,,,,,,CMSA,,,,,,,N,,,,,,,,
CGCMT16C1,407000624,2,2-023,20180312,,7401 BEAUFONT SPRINGS DRIVE,7401 BEAUFONT SPRINGS DRIVE,RICHMOND,VA,23225,,98,1996,,82781,0,6,0.01765890,0.01765890,706356,Y,,20160116,4175000,,,,,,,,,,,,,,,,,,,20160518,221622,0,221622,1.8485,4175000,20160116,0.9280,,,,,,,,,,,,,,,,20160601,,,,,,,,,221622,1.8485,,,,,,,CMSA,,,,,,,N,,,,,,,,
CGCMT16C1,407000624,2,2-031,20180312,,7325 BEAUFONT SPRINGS DRIVE,7325 BEAUFONT SPRINGS DRIVE,RICHMOND,VA,23225,,98,1998,,77648,0,6,0.01258330,0.01258330,503332,Y,,20160116,2975000,,,,,,,,,,,,,,,,,,,20160518,232435,0,232435,2.3695,2975000,20160116,0.85,,,,,,,,,,,,,,,,20160601,,,,,,,,,232435,2.3695,,,,,,,CMSA,,,,,,,N,,,,,,,,
CGCMT16C1,407000624,2,2-006,20180312,,7300 BEAUFONT SPRINGS DRIVE,7300 BEAUFONT SPRINGS DRIVE,RICHMOND,VA,23225,,98,1998,,120665,0,6,0.03151110,0.03151110,1260444,Y,,20160116,7450000,,,,,,,,,,,,,,,,,,,20160518,471718,0,471718,1.6270,7450000,20160116,0.8880,,,,,,,,,,,,,,,,20160601,,,,,,,,,471718,1.6270,,,,,,,CMSA,,,,,,,N,,,,,,,,
CGCMT16C1,407000624,2,2-028,20180312,,2812 EMERYWOOD PARKWAY,2812 EMERYWOOD PARKWAY,RICHMOND,VA,23294,,98,1979,,56984,0,6,0.01490960,0.01490960,596384,Y,,20160116,3525000,,,,,,,,,,,,,,,,,,,20160518,186267,0,186267,1.7089,3525000,20160116,1,,,,,,,,,,,,,,,,20160601,,,,,,,,,186267,1.7089,,,,,,,CMSA,,,,,,,N,,,,,,,,
CGCMT16C1,407000624,2,2-022,20180312,,2511 BRITTONS HILL ROAD,2511 BRITTONS HILL ROAD,RICHMOND,VA,23230,,98,1988,,132548,0,6,0.015544,0.015544,621760,Y,,20160116,3675000,,,,,,,,,,,,,,,,,,,20160518,225627,0,225627,1.8819,3675000,20160116,1,,,,,,,,,,,,,,,,20160601,,,,,,,,,225627,1.8819,,,,,,,CMSA,,,,,,,N,,,,,,,,
CGCMT16C1,407000624,2,2-056,20180312,,2240 DABNEY ROAD,2240 DABNEY ROAD,RICHMOND,VA,23230,,98,1984,,15389,0,6,0.00253780,0.00253780,101512,Y,,20160116,600000,,,,,,,,,,,,,,,,,,,20160518,36940,0,36940,1.6945,600000,20160116,1,,,,,,,,,,,,,,,,20160601,,,,,,,,,36940,1.6945,,,,,,,CMSA,,,,,,,N,,,,,,,,
CGCMT16C1,407000624,2,2-049,20180312,,2244 DABNEY ROAD,2244 DABNEY ROAD,RICHMOND,VA,23230,,98,1995,,33050,0,6,0.00602730,0.00602730,241092,Y,,20160116,1425000,,,,,,,,,,,,,,,,,,,20160518,83683,0,83683,1.7449,1425000,20160116,1,,,,,,,,,,,,,,,,20160601,,,,,,,,,83683,1.7449,,,,,,,CMSA,,,,,,,N,,,,,,,,
CGCMT16C1,407000624,2,2-048,20180312,,2256 DABNEY ROAD,2256 DABNEY ROAD,RICHMOND,VA,23230,,98,1983,,33413,0,6,0.00634450,0.00634450,253780,Y,,20160116,1500000,,,,,,,,,,,,,,,,,,,20160518,84243,0,84243,1.7175,1500000,20160116,1,,,,,,,,,,,,,,,,20160601,,,,,,,,,84243,1.7175,,,,,,,CMSA,,,,,,,N,,,,,,,,
CGCMT16C1,407000624,2,2-045,20180312,,2251 DABNEY ROAD,2251 DABNEY ROAD,RICHMOND,VA,23230,,98,1983,1994,42000,0,6,0.007972,0.007972,318880,Y,,20160116,1884779,,,,,,,,,,,,,,,,,,,,,,,,1884779,20160116,,,,,,,,,,,,,,,,,20160601,,,,,,,,,,,,,,,,,CMSA,,,,,,,N,,,,,,,,
CGCMT16C1,407000624,2,2-053,20180312,,2112 TOMLYNN STREET,2112 TOMLYNN STREET,RICHMOND,VA,23230,,98,1984,,23850,0,6,0.00507560,0.00507560,203024,Y,,20160116,1200000,,,,,,,,,,,,,,,,,,,20160518,71282,0,71282,1.7675,1200000,20160116,1,,,,,,,,,,,,,,,,20160601,,,,,,,,,71282,1.7675,,,,,,,CMSA,,,,,,,N,,,,,,,,
CGCMT16C1,407000624,2,2-051,20180312,,2161 TOMLYNN STREET,2161 TOMLYNN STREET,RICHMOND,VA,23230,,98,1985,,41550,0,6,0.00761340,0.00761340,304536,Y,,20160116,1800000,,,,,,,,,,,,,,,,,,,20160518,105766,0,105766,2.4259,1800000,20160116,1,,,,,,,,,,,,,,,,20160601,,,,,,,,,105766,2.4259,,,,,,,CMSA,,,,,,,N,,,,,,,,
CGCMT16C1,407000624,2,2-054,20180312,,2277 DABNEY ROAD,2277 DABNEY ROAD,RICHMOND,VA,23230,,98,1986,,50400,0,6,0.00496990,0.00496990,198796,Y,,20160116,1175000,,,,,,,,,,,,,,,,,,,20160518,66016,0,66016,1.6370,1175000,20160116,1,,,,,,,,,,,,,,,,20160601,,,,,,,,,66016,1.6370,,,,,,,CMSA,,,,,,,N,,,,,,,,
CGCMT16C1,407000624,2,2-047,20180312,,2246 DABNEY ROAD,2246 DABNEY ROAD,RICHMOND,VA,23230,,98,1991,,33271,0,6,0.00602730,0.00602730,241092,Y,,20160116,1425000,,,,,,,,,,,,,,,,,,,20160518,92833,0,92833,1.8927,1425000,20160116,1,,,,,,,,,,,,,,,,20160601,,,,,,,,,92833,1.8927,,,,,,,CMSA,,,,,,,N,,,,,,,,
CGCMT16C1,407000624,2,2-052,20180312,,2248 DABNEY ROAD,2248 DABNEY ROAD,RICHMOND,VA,23230,,98,1991,,30184,0,6,0.00581580,0.00581580,232632,Y,,20160116,1375000,,,,,,,,,,,,,,,,,,,20160518,81024,0,81024,1.8584,1375000,20160116,1,,,,,,,,,,,,,,,,20160601,,,,,,,,,81024,1.8584,,,,,,,CMSA,,,,,,,N,,,,,,,,
CGCMT16C1,407000624,2,2-021,20180312,,2201 TOMLYNN STREET,2201 TOMLYNN STREET,RICHMOND,VA,23230,,98,1990,,85861,0,6,0.015544,0.015544,621760,Y,,20160116,3675000,,,,,,,,,,,,,,,,,,,20160518,227062,0,227062,1.8938,3675000,20160116,0.95,,,,,,,,,,,,,,,,20160601,,,,,,,,,227062,1.8938,,,,,,,CMSA,,,,,,,N,,,,,,,,
CGCMT16C1,407000624,2,2-005,20180312,,2100 WEST LABURNUM AVENUE,2100 WEST LABURNUM AVENUE,RICHMOND,VA,23227,,98,1984,,128301,0,6,0.03426030,0.03426030,1370412,Y,,20160116,8100000,,,,,,,,,,,,,,,,,,,20160518,499549,0,499549,1.7230,8100000,20160116,0.9580,,,,,,,,,,,,,,,,20160601,,,,,,,,,499549,1.7230,,,,,,,CMSA,,,,,,,N,,,,,,,,
CGCMT16C1,407000624,2,2-004,20180312,,6800 PARAGON PLACE,6800 PARAGON PLACE,RICHMOND,VA,23230,,98,1986,,146365,0,6,0.04430580,0.04430580,1772232,Y,,20160116,10475000,,,,,,,,,,,,,,,,,,,20160518,587386,0,587386,1.4684,10475000,20160116,0.8840,20170512,,,,,,,,,,,,,,,20160601,,,,,,,,,587386,1.4684,,,,,,,CMSA,N,,,,3,,N,,,,,,,,
CGCMT16C1,407000624,2,2-003,20180312,,6802 PARAGON PLACE,6802 PARAGON PLACE,RICHMOND,VA,23230,,98,1998,,143783,0,6,0.04980440,0.04980440,1992176,Y,,20160116,11775000,,,,,,,,,,,,,,,,,,,20160518,693077,0,693077,1.7186,11775000,20160116,1,20170512,,,,,,,,,,,,,,,20160601,,,,,,,,,693077,1.7186,,,,,,,CMSA,N,,,,3,,N,,,,,,,,
CGCMT16C1,407000624,2,2-010,20180312,,6806 PARAGON PLACE,6806 PARAGON PLACE,RICHMOND,VA,23230,,98,1998,,74480,0,6,0.02516650,0.02516650,1006660,Y,,20160116,5950000,,,,,,,,,,,,,,,,,,,20160518,350350,0,350350,1.5453,5950000,20160116,0.9120,,,,,,,,,,,,,,,,20160601,,,,,,,,,350350,1.5453,,,,,,,CMSA,,,,,,,N,,,,,,,,
CGCMT16C1,407000624,2,2-018,20180312,,920 HARVEST DRIVE,920 HARVEST DRIVE,BLUE BELL,PA,19422,,98,1989,,51875,0,6,0.01780690,0.01780690,712276,Y,,20160116,4210000,,,,,,,,,,,,,,,,,,,20160518,223857,0,223857,1.7115,4210000,20160116,1,,,,,,,,,,,,,,,,20160601,,,,,,,,,223857,1.7115,,,,,,,CMSA,,,,,,,N,,,,,,,,
CGCMT16C1,407000624,2,2-040,20180312,,2221 DABNEY ROAD,2221 DABNEY ROAD,RICHMOND,VA,23230,,98,1983,1994,45250,0,6,0.00926390,0.00926390,370556,Y,,20160116,2190221,,,,,,,,,,,,,,,,,,,20160518,102635,0,102635,1.4267,2190221,20160116,1,,,,,,,,,,,,,,,,20160601,,,,,,,,,102635,1.4267,,,,,,,CMSA,,,,,,,N,,,,,,,,
CGCMT16C1,407000624,2,2-046,20180312,,2212 TOMLYNN STREET,2212 TOMLYNN STREET,RICHMOND,VA,23230,,98,1985,,45353,0,6,0.00745950,0.00745950,298380,Y,,20160116,1763612,,,,,,,,,,,,,,,,,,,20160518,103931,0,103931,1.7027,1763612,20160116,1,,,,,,,,,,,,,,,,20160601,,,,,,,,,103931,1.7027,,,,,,,CMSA,,,,,,,N,,,,,,,,
CGCMT16C1,407000624,2,2-050,20180312,,2130 TOMLYNN STREET,2130 TOMLYNN STREET,RICHMOND,VA,23230,,98,1986,,29700,0,6,0.00565250,0.00565250,226100,Y,,20160116,1336388,,,,,,,,,,,,,,,,,,,20160518,78754,0,78754,1.7203,1336388,20160116,1,,,,,,,,,,,,,,,,20160601,,,,,,,,,78754,1.7203,,,,,,,CMSA,,,,,,,N,,,,,,,,
CGCMT16C1,407000624,2,2-058,20180312,,817 EAST GATE DRIVE,817 EAST GATE DRIVE,MOUNT LAUREL,NJ,08054,,98,1986,,25351,0,6,0.00217840,0.00217840,87136,Y,,20160116,515037,,,,,,,,,,,,,,,,,,,20160518,23566,0,23566,1.4414,515037,20160116,0.5820,,,,,,,,,,,,,,,,20160601,,,,,,,,,23566,1.4414,,,,,,,CMSA,,,,,,,N,,,,,,,,
CGCMT16C1,407000624,2,2-008,20180312,,4870 SADLER ROAD,4870 SADLER ROAD,GLEN ALLEN,VA,23060,,98,2000,,62100,0,6,0.02630050,0.02630050,1052020,Y,,20160116,6218099,,,,,,,,,,,,,,,,,,,20160518,365896,0,365896,1.5687,6218099,20160116,1,,,,,,,,,,,,,,,,20160601,,,,,,,,,365896,1.5687,,,,,,,CMSA,,,,,,,N,,,,,,,,
CGCMT16C1,304101584,3,3-001,20180312,,HYATT REGENCY HUNTINGTON BEACH RESORT & SPA,21500 PACIFIC COAST HIGHWAY,HUNTINGTON BEACH,CA,92648,,LO,2003,2009,,517,6,1,1,54000000,N,,20160318,367900000,,,,0.8259,20170930,,,,,,,,,,,,,12,20160601,88435908,62406949,26028959,2.0042,367900000,20160318,0.8346,20170523,20161231,87642067,61261299,26380768,10309000,2.5590,0.83,,,,,,,,20160601,91504270,62364045,29140225,10280832,2.8344,20161001,20170930,TN,22537164,1.7354,22888973,2.2202,,,25648430,2.4947,CMSA,N,,,,3,,N,,,,,,,,
CGCMT16C1,304101576,4,4-001,20180312,,ONE HARBOR POINT SQUARE,2200 ATLANTIC STREET,STAMFORD,CT,06902,,OF,2011,,251295,0,6,1,1,40492075.22,N,,20160201,119200000,,,,0.9933,20170930,20170930,0.07,0,0,0,0.93,Bridgewater Associates,137986,Castleton Commodities,66012,MCCredit MC Credit Partner LP,14767,12,20160601,13227054,4741525,8485529,1.6628,119200000,20160201,0.9630,20170328,20161231,13784147,4069753,9714394,3917817,2.4795,1,,,,,,,,20160601,14134190,4436419,9697771,4291502,2.2597,20161001,20170930,TN,7892972,1.5467,9121837,2.3282,,,9105214,2.1216,CMSA,N,20320630,20270531,20280531,1,,N,HP Fitness LLC,10238,William Pitt Real Estate  LLC,5835,20161231,20171116,,
CGCMT16C1,305990005,5,5-001,20180312,,MARRIOTT SAVANNAH RIVERFRONT,100 GENERAL MCINTOSH BOULEVARD,SAVANNAH,GA,31401,,LO,1992,2006,,387,6,1,1,38637138.56,N,,20160328,110600000,,,,0.6203,20170930,,,,,,,,,,,,,12,20160601,23616568,14799845,8816723,1.6146,110600000,20160328,0.7184,20170526,20161231,21875160,13557972,8317188,5460586,1.5231,0.6768,,,,,,,,20160601,19615618,12643847,6971771,5460584,1.2767,20161001,20170930,TN,7635895,1.3983,7136360,1.3068,,,5790943,1.0604,CMSA,N,,,,3,,N,,,,,,,,
CGCMT16C1,304101575,6,6-001,20180312,,4455 LBJ FREEWAY,4455 LBJ FREEWAY,FARMERS BRANCH,TX,75244,,OF,1980,,294850,0,6,1,1,28517313.26,N,,20160217,46100000,,,,0.9273,20170930,20171231,0.08,0.03,0.01,0,0.88,AMTRUST FINANCIAL SE,110305,National Insurance Centers,110025,Mortgage America  Inc.,21153,12,20160601,5409291,1699421,3709870,1.8308,46100000,20160217,0.9350,20171025,20161231,4253937,1756338,2497599,1462373,1.7079,0.9132,,,,,,,,20160601,3909176,1610623,2298553,1278753,1.7974,20170101,20170930,YN,3188467,1.5735,1976196,1.3513,,,1907502,1.4916,CMSA,N,20280229,20280229,20180831,3,,N,Lone Star,12021,Highpoint Capital  LLC,8042,20250430,20190331,,
CGCMT16C1,304101579,7,7-005,20180312,,STORAGE DEPOT-EAST,321 MILROY ROAD,HARRISBURG,PA,17111,,SS,1984,,47314,0,6,0.13749160,0.13749160,3471662.90,N,,20160210,5125000,,,,0.7859,20170630,,,,,,,,,,,,,12,20160601,487294,174366,312928,1.4369,5125000,20160210,0.8715,20170202,20161231,530783,173581,357202,177899,2.0078,0.7080,,,,,,,,20160601,238691,139585,99106,88463,1.1203,20170101,20170630,YN,308197,1.4151,352471,1.9812,,,96741,1.0935,CMSA,N,,,,3,,N,,,,,,,,
CGCMT16C1,304101579,7,7-002,20180312,,STORAGE DEPOT-NORTH,4401 NORTH 6TH STREET,HARRISBURG,PA,17110,,SS,1995,,76384,0,6,0.22065730,0.22065730,5571596.8250,N,,20160210,8225000,,,,0.9428,20170630,,,,,,,,,,,,,12,20160601,718746,243104,475642,1.3027,8225000,20160210,0.8870,20170202,20161231,802946,249970,552976,279555,1.9780,0.7794,,,,,,,,20160601,337883,168374,169509,139014,1.2193,20170101,20170630,YN,468004,1.2818,545338,1.9507,,,165690,1.1918,CMSA,N,,,,3,,N,,,,,,,,
CGCMT16C1,304101579,7,7-001,20180312,,STORAGE DEPOT-NORTHEAST,6325 ALLENTOWN BOULEVARD,HARRISBURG,PA,17112,,SS,2004,,68250,0,6,0.20858480,0.20858480,5266766.20,N,,20160210,7775000,,,,0.8571,20170630,,,,,,,,,,,,,12,20160601,676332,210906,465426,1.2747,7775000,20160210,0.7487,20170202,20161231,725828,257182,468646,266848,1.7562,0.7605,,,,,,,,20160601,345490,138778,206712,132695,1.5577,20170101,20170630,YN,458601,1.2561,461821,1.7306,,,203300,1.5320,CMSA,N,,,,3,,N,,,,,,,,
CGCMT16C1,304101579,7,7-003,20180312,,STORAGE DEPOT-SOUTH,115 CUMBERLAND PARKWAY,MECHANICSBURG,PA,17055,,SS,1994,2015,84151,0,6,0.24882630,0.24882630,6282864.0750,N,,20160210,9275000,,,,0.8046,20170630,,,,,,,,,,,,,12,20160601,686061,220894,465167,1.3325,9275000,20160210,0.6981,20170203,20161231,726883,211550,515333,317677,1.6221,0.6575,,,,,,,,20160601,349862,134939,214923,157971,1.3605,20170101,20170630,YN,456752,1.3084,506918,1.5957,,,210716,1.3338,CMSA,N,,,,2,,N,,,,,,,,
CGCMT16C1,304101579,7,7-004,20180312,,STORAGE DEPOT-WEST,350 SOUTH 7TH STREET,LEMOYNE,PA,17043,,SS,1986,1997,48542,0,6,0.184440,0.184440,4657110,N,,20160210,6875000,,,,0.9137,20170630,,,,,,,,,,,,,12,20160601,591383,177357,414026,1.2927,6875000,20160210,0.9060,20170202,20161231,655006,174358,480648,228727,2.1014,0.8438,,,,,,,,20160601,299161,96427,202734,113739,1.7824,20170101,20170630,YN,409172,1.2776,475794,2.0801,,,200307,1.7611,CMSA,N,,,,3,,N,,,,,,,,
CGCMT16C1,407000589,8,8-001,20180312,,STRATHALLAN DOUBLETREE BY HILTON,546 EAST AVENUE,ROCHESTER,NY,14607,,LO,1975,2012,,155,6,1,1,21530680.25,N,,20151001,33000000,,,,0.7386,20170930,,,,,,,,,,,,,12,20160601,14272397,11048776,3223621,1.9498,33000000,20151001,0.7228,20171020,20161231,15563465,12737212,2826253,1653283,1.7094,0.7389,,,,,,,,20160601,11667211,9447947,2219264,1239963,1.7897,20170101,20170930,YN,2652725,1.6045,2255357,1.3641,,,1791092,1.4444,CMSA,N,,,,3,,N,,,,,,,,
CGCMT16C1,407004616,9,9-001,20180312,,MADBURY COMMONS,17-21 MADBURY ROAD,DURHAM,NH,03824,,MF,2015,,,525,6,1,1,20000000,N,,20151109,71400000,,,,,,,,,,,,,,,,,,12,20160518,6659528,2485278,4174250,1.3331,71400000,20151109,1,20170412,20171231,6895951,2725768,4170183,2448755,1.7029,0.9906,20161231,6539378,2561181,3978197,2811310,1.4150,0.9904,20160601,,,,,,,,,4112813,1.3135,4108746,1.6778,3916760,1.3932,,,CMSA,N,,,,3,,N,,,,,,,,
CGCMT16C1,305990010,10,10-001,20180312,,PLUMTREE APARTMENTS,229 PARKWOOD DRIVE,LANSING,MI,48917,,MF,1968,,,406,6,1,1,17175000,N,,20160204,20750000,,,,0.9113,20170620,,,,,,,,,,,,,12,20160601,3436917,1750597,1686320,1.5018,20750000,20160204,0.9460,20170307,20161231,2644382,1368949,1275433,893315,1.4277,0.9113,,,,,,,,20160601,1832282,912244,920038,445434,2.0654,20170101,20170630,YN,1584820,1.4114,1173933,1.3141,,,869288,1.9515,CMSA,N,,,,3,,N,,,,,,,,
CGCMT16C1,304101577,11,11-001,20180312,,247 BEDFORD AVENUE,247 BEDFORD AVENUE,BROOKLYN,NY,11211,,RT,1930,2016,19625,0,6,1,1,17150000,N,,20160301,51200000,,,,1,20170930,20170930,0,0,0,0,1,Apple,13700,Corcoran Group  The,5925,,,12,20160601,2308820,295696,2013124,1.3484,51200000,20160301,0.9640,20170602,20161231,265400,276376,-10976,1497041,-0.0073,1,,,,,,,,20160601,1052666,219876,832790,1120736,0.7430,20170101,20170930,YN,1989983,1.3329,-34117,-0.0227,,,815435,0.7275,CMSA,N,20270531,20260831,,2,,N,,,,,,,,
CGCMT16C1,695100640,12,12-001,20180312,,DESOTO TOWN CENTER,207 EAST PLEASANT RUN ROAD,DESOTO,TX,75115,,MF,2009,,,161,6,1,1,16250000,Y,,20160223,22560000,,,,0.9581,20170901,,,,,,,,,,,,,,20160601,2426999,1015983,1411016,1.2879,22560000,20160223,0.9565,20170622,,,,,,,,,,,,,,,20160601,1797328,811563,985765,668493,1.4746,20170101,20170930,YN,1382358,1.2617,,,,,964272,1.4424,CMSA,N,,,,3,,N,,,,,,,,
CGCMT16C1,304101553,13,13-001,20180312,,DOUBLETREE - COCOA BEACH,2080 NORTH ATLANTIC AVENUE,COCOA BEACH,FL,32931,,LO,1987,2012,,148,6,1,1,13823364.85,N,,20160307,25400000,,,,0.7650,20170930,,,,,,,,,,,,,12,20160601,7313320,5531746,1781574,1.9018,25400000,20160307,0.7759,20170630,20161231,7832342,5647868,2184474,936738,2.3320,0.7841,,,,,,,,20160601,7757370,5708317,2049053,936738,2.1874,20161001,20170930,TN,1489041,1.5896,1891941,2.0197,,,1756520,1.8751,CMSA,N,,,,3,,N,,,,,,,,
CGCMT16C1,304101552,14,14-002,20180312,,1419 BROADWAY,1419 BROADWAY,BROOKLYN,NY,11221,,RT,1994,2006,14350,0,6,0.33333330,0.33333330,4666666.20,N,,20160205,8000000,,,,1,20170930,20170930,0,0,0,0,1,Hospital Clinic Home Center Instruction Corp.,14350,,,,,12,20160601,491783,130880,360903,1.4476,8000000,20160205,1,20170405,20161231,0,0,0,0,0,1,,,,,,,,20160601,0,0,0,0,0,20170101,20170930,YN,340477,1.3656,0,,,,0,,CMSA,N,20261130,,,3,,Y,,,,,,,,
CGCMT16C1,304101552,14,14-003,20180312,,1441 BROADWAY,1441 BROADWAY,BROOKLYN,NY,11221,,RT,1997,2007,7500,0,6,0.19166670,0.19166670,2683333.80,N,,20160205,4600000,,,,1,20170930,20170930,1,0,0,0,0,Hospital Clinic Home Center Instructional Corp.,7500,,,,,12,20160601,311686,70887,240799,1.4413,4600000,20160205,1,20170405,20161231,0,0,0,0,0,1,,,,,,,,20160601,0,0,0,0,0,20170101,20170930,YN,228851,1.3698,0,,,,0,,CMSA,N,20170716,,,3,,Y,,,,,,,,
CGCMT16C1,304101552,14,14-001,20180312,,1467-1469 BROADWAY,1467-1469 BROADWAY,BROOKLYN,NY,11221,,RT,2004,,16000,0,6,0.4750,0.4750,6650000,N,,20160205,11400000,,,,1,20170930,20170930,0,0,0,0.50,0.50,Traditional Daycare Inc,8000,Traditional Daycare Inc,4000,Bushwick Laundry Inc,4000,12,20160601,659861,86944,572917,1.8890,11400000,20160205,1,20170405,20161231,1351189,271462,1079727,721630,1.4962,1,,,,,,,,20160601,906241,199309,706932,540237,1.3085,20170101,20170930,YN,551977,1.8199,1026413,1.4223,,,666945,1.2345,CMSA,N,20201231,20230331,20290630,3,,N,,,,,,,,
CGCMT16C1,407000617,15,15-001,20180312,,VICTORIAN SQUARE,10901 HULL STREET ROAD,MIDLOTHIAN,VA,23112,,RT,1987,2013,270575,0,6,1,1,13584033.92,N,,20151111,25100000,,,,0.9834,20170930,20171231,0.05,0.08,0.03,0.08,0.77,Gabriel Brothers,59764,Market Bazaar LLC,53996,Ashley Furniture,50712,12,20160601,2050115,457388,1592727,1.7461,25100000,20151111,0.95,20170104,20161231,2119607,478368,1641239,912156,1.7992,0.9882,,,,,,,,20160601,1725242,337012,1388230,684117,2.0292,20170101,20170930,YN,1401919,1.5369,1450431,1.5901,,,1245125,1.82,CMSA,N,20250731,20280331,20220930,2,,N,Planet Fitness,26715,Dollar Tree,17276,20260630,20210131,,
CGCMT16C1,407000608,16,16-005,20180312,,WINN AVENUE,261 WINN AVENUE,WINCHESTER,KY,40391,,SS,2011,,35200,0,6,0.08593750,0.08593750,1092974.7614843750,N,,20151027,1650000,,,,0.7559,20170930,,,,,,,,,,,,,12,20160601,102392,58632,43760,0.7515,1650000,20151027,0.4670,20170630,20161231,0,0,0,0,0,0.5216,,,,,,,,20160601,0,0,0,0,0,20170101,20170930,YN,38480,0.6608,0,,,,0,,CMSA,N,,,,3,,N,,,,,,,,
CGCMT16C1,407000608,16,16-002,20180312,,ADD-A-SPACE,1320 BYPASS ROAD,WINCHESTER,KY,40392,,SS,1990,,61210,0,6,0.22395830,0.22395830,2848358.0453811910,N,,20151027,4300000,,,,0.84,20170930,,,,,,,,,,,,,12,20160601,370426,129959,240467,1.3269,4300000,20151027,0.9510,20170630,20161231,0,0,0,0,0,0.8247,,,,,,,,20160601,0,0,0,0,0,20170101,20170930,YN,222750,1.2292,0,,,,0,,CMSA,N,,,,3,,N,,,,,,,,
CGCMT16C1,407000608,16,16-004,20180312,,OAKMONT STORAGE,811 SCHENKEL LANE,FRANKFORT,KY,40601,,SS,1994,2013,63780,0,6,0.15104170,0.15104170,1920986.3683688090,N,,20151102,2900000,,,,0.9282,20170930,,,,,,,,,,,,,12,20160601,319982,113219,206763,1.8164,2900000,20151102,0.9830,20170511,20161231,0,0,0,0,0,0.9281,,,,,,,,20160601,0,0,0,0,0,20170101,20170930,YN,195762,1.7197,0,,,,0,,CMSA,N,,,,3,,N,,,,,,,,
CGCMT16C1,407000608,16,16-003,20180312,,UNCLE BOBS ANDERSON,616 PEARMAN DAIRY ROAD,ANDERSON,SC,29625,,SS,1984,,55936,0,6,0.16145830,0.16145830,2053467.3097561910,N,,20151203,3100000,,,,0.8229,20170930,,,,,,,,,,,,,12,20160601,450196,199057,251139,1.7772,3100000,20151203,0.8110,20170630,20161231,0,0,0,0,0,0.7932,,,,,,,,20160601,0,0,0,0,0,20170101,20170930,YN,242749,1.7178,0,,,,0,,CMSA,N,,,,3,,N,,,,,,,,
CGCMT16C1,407000608,16,16-001,20180312,,BEELINE SELF STORAGE,7000 NORTH MILITARY TRAIL,WEST PALM BEACH,FL,33410,,SS,1986,,67560,0,6,0.24479170,0.24479170,3113322.4718063090,N,,20151123,4700000,,,,0.9329,20170930,,,,,,,,,,,,,12,20160601,516564,240466,276098,1.2058,4700000,20151123,0.7660,20170602,20161231,2290282,1061717,1228565,665754,1.8453,0.7845,,,,,,,,20160601,1990263,963843,1026420,498406,2.0594,20170101,20170930,YN,274598,1.1992,1169627,1.7568,,,982216,1.9707,CMSA,N,,,,3,,N,,,,,,,,
CGCMT16C1,407000608,16,16-006,20180312,,BOWLING GREEN SELF STORAGE,5650 RUSSELLVILLE ROAD,BOWLING GREEN,KY,42101,,SS,1995,,48680,0,6,0.07291670,0.07291670,927372.9488375590,N,,20151027,1400000,,,,0.7559,20170930,,,,,,,,,,,,,12,20160601,184695,77582,107113,1.8712,1400000,20151027,0.9590,20170621,20161231,0,0,0,0,0,0.7294,,,,,,,,20160601,0,0,0,0,0,20170101,20170930,YN,98718,1.7245,0,,,,0,,CMSA,N,,,,3,,N,,,,,,,,
CGCMT16C1,407000608,16,16-007,20180312,,UNCLE BOBS FLORENCE,1309 EAST HOWE SPRINGS ROAD,FLORENCE,SC,29505,,SS,1976,2013,29350,0,6,0.05989580,0.05989580,761769.8643655660,N,,20151203,1150000,,,,0.8764,20170930,,,,,,,,,,,,,12,20160601,212726,100113,112613,2.1121,1150000,20151203,0.7560,20170414,20161231,0,0,0,0,0,0.9186,,,,,,,,20160601,0,0,0,0,0,20170101,20170930,YN,105958,1.9873,0,,,,0,,CMSA,N,,,,3,,N,,,,,,,,
CGCMT16C1,304101591,17,17-001,20180312,,46 GEARY STREET,46 GEARY STREET,SAN FRANCISCO,CA,94108,,MU,1907,2008,18002,0,6,1,1,12700000,N,,20160411,22500000,,,,,,20171231,0,0.29,0,0.22,0.49,F/X Entertainment  LLC,5525,TapFWD  Inc,4893,Paul Smith San Francisco  Inc,4320,12,20160601,1331942,383219,948723,1.4390,22500000,20160411,1,20170628,20171231,1436062,440563,995499,659271,1.5099,1,20161231,1005206,445241,559965,661077,0.8470,1,20160601,,,,,,,,,907494,1.3765,954270,1.4474,518736,0.7846,,,CMSA,N,20190731,20240229,20240229,3,,N,Reciprocal labs corp,4080,,,20210131,,,
CGCMT16C1,695100657,18,18-001,20180312,,CARMEL VILLAGE,7510 PINEVILLE MATTHEWS ROAD,CHARLOTTE,NC,28226,,RT,2005,,53795,0,6,1,1,11971868.95,N,,20160405,17750000,,,,,,20180131,0.03,0.17,0.24,0.18,0.38,Bonefish Grill,5397,Panera Bread,5107,Salon Lofts DBA Salon Lofts Group  LLC,4316,12,20160601,1553574,379700,1173874,1.4933,17750000,20160405,0.9227,20170601,20171231,1494775,418026,1076749,786046,1.3698,0.8471,20161231,1470576,412785,1057791,786046,1.3457,0.9227,20160601,,,,,,,,,1122260,1.4277,1025135,1.3041,1006177,1.28,,,CMSA,N,20210131,20201231,20271231,3,,N,Urbana Wellness Online  Inc dba Urbana City Spa & ,3575,Dentalworks,3482,20231231,20190331,,
CGCMT16C1,695100647,19,19-001,20180312,,BOSQUE RIVER SHOPPING CENTER,2900 WEST WASHINGTON STREET,STEPHENVILLE,TX,76401,,RT,1984,,221194,0,6,1,1,11900749.13,N,,20160210,17500000,,,,0.8058,20170930,20170930,0.07,0.11,0.16,0.08,0.57,Bealls,30000,Tractor Supply,26774,Dirt cheap,24300,12,20160601,1802963,523042,1279921,1.5871,17500000,20160210,0.8920,20170629,20161231,1735772,531519,1204253,806452,1.4932,0.9178,,,,,,,,20160601,1240359,368999,871360,604839,1.4406,20170101,20170930,YN,1114651,1.3821,1038983,1.2883,,,747409,1.2357,CMSA,N,20260131,20261231,20220501,3,,N,Cinemark Cinema 6,11900,Dollar Tree,9660,20211231,20200831,,
CGCMT16C1,305990020,20,20-001,20180312,,PARK PLACE,"1255  1260  1333  1340  1445 AND 1450 SOUTH SPECTRUM BOULEVARD",CHANDLER,AZ,85286,,OF,2009,,523673,0,6,1,1,12000000,N,,20151110,140000000,,,,1,20170930,20170930,0,0.05,0.18,0.07,0.71,Infusion Software  I,160969,EDUCATION MANAGEMENT LLC,100885,Infusion Software  I,100622,12,20160601,12323925,2954963,9368962,1.5782,140000000,20151110,1,,20161231,10969858,2900163,8069695,2500998,3.2265,0.8080,,,,,,,,20160601,10203255,2294278,7908977,1198293,6.6002,20170101,20170930,YN,8544372,1.4392,7245105,2.8968,,,7290535,6.0841,CMSA,,20210930,20220131,20241231,,,N,Healthways  Inc,92109,Insys Therapeautics  Inc,34945,20200430,20210630,,
CGCMT16C1,304101556,21,21-001,20180312,,CSS ISLAND PARK,4055 AUSTIN BOULEVARD,ISLAND PARK,NY,11558,,SS,2004,,72779,0,6,1,1,11000000,N,,20160222,20950000,,,,0.9322,20171128,,,,,,,,,,,,,12,20160601,1876502,727988,1148514,2.3193,20950000,20160222,0.9350,20170629,20161231,1992856,751915,1240941,496540,2.4991,0.9270,,,,,,,,20160601,1590020,552556,1037464,371727,2.7909,20170101,20170930,YN,1137597,2.2973,1230024,2.4771,,,1029276,2.7689,CMSA,N,,,,3,,N,,,,,,,,
CGCMT16C1,695100655,22,22-001,20180312,,EMBASSY SUITES LAKE BUENA VISTA,8100 LAKE STREET,ORLANDO,FL,32836,,LO,1991,2014,,334,6,1,1,10736834.09,N,,20160321,61800000,,,,0.9160,20170930,,,,,,,,,,,,,12,20160601,16701942,11789292,4912650,1.7205,61800000,20160321,0.8230,,20161231,17943429,12719347,5224082,2855335,1.8295,0.9030,,,,,,,,20160601,19620670,13982489,5638181,2855335,1.9746,20161001,20170930,TN,4244572,1.4865,4556004,1.5956,,,4970103,1.7406,CMSA,,,,,,,N,,,,,,,,
CGCMT16C1,305990023,23,23-001,20180312,,BROOKFIELD OFFICE,31500 NORTHWESTERN HIGHWAY,FARMINGTON HILLS,MI,48334,,OF,1986,2004,93802,0,6,1,1,9707029.80,N,,20151028,14000000,,,,0.9293,20170930,20170930,0.20,0.35,0.05,0.03,0.38,Ramco-Gershenson  Inc.,29802,RouteOne,28298,RAYMOND JAMES,17074,12,20160601,1946657,842409,1104248,1.7208,14000000,20151028,0.9426,20180104,20161231,1935469,851935,1083534,641692,1.6885,0.9293,,,,,,,,20160601,1506704,704367,802337,481269,1.6671,20170101,20170930,YN,974418,1.5185,953704,1.4862,,,704964,1.4648,CMSA,N,20190831,20221231,20180630,3,,N,Wright Beamer  PLC,4508,GERSHENSON REALTY & INV,2788,20200430,20210930,,
CGCMT16C1,695100656,24,24-001,20180312,,CROSSROADS PLAZA,401-450 NORTH BERKELEY BOULEVARD,GOLDSBORO,NC,27534,,RT,1969,,154733,0,6,1,1,9500000,N,,20160208,13480000,,,,0.8326,20170630,20170630,0.15,0.22,0.07,0.44,0.12,Michael's Stores Inc.,23715,Ray Williams & Sandra K Willia,14722,HIBACHI GRILL & SUPREME BUFFET,10950,12,20160601,1192723,276744,915979,1.4901,13480000,20160208,0.8518,20170315,20161231,1205495,318475,887020,486683,1.8225,0.9310,,,,,,,,20160601,596211.22,147432.10,448779.12,242012.97,1.8543,20170101,20170630,YN,847205,1.3782,818246,1.6812,,,414393.12,1.7122,CMSA,N,20210228,20181130,20221231,3,,N,Cato,10000,Herring Marketing Group  Inc.,9273,20210131,20180531,,
CGCMT16C1,304101581,25,25-004,20180312,,MY SPACE STORAGE HILL ROAD,1287 WEST HILL ROAD,MUNDY TOWNSHIP,MI,48507,,SS,1984,,21020,0,6,0.14065040,0.14065040,1233124.0156273280,N,,20160218,1730000,,,,,,,,,,,,,,,,,,12,20160601,191724,78815,112909,1.3093,1730000,20160218,0.9240,20170504,20161231,204751,88768,115983,86231,1.3450,0.9573,,,,,,,,20160601,,,,,,,,,109756,1.2728,112830,1.3084,,,,,CMSA,N,,,,3,,N,,,,,,,,
CGCMT16C1,304101581,25,25-002,20180312,,MY SPACE STORAGE FLINT,4101 WEST PIERSON ROAD,TOWNSHIP OF MT. MORRIS,MI,48504,,SS,1999,,36166,0,6,0.22682930,0.22682930,1988680.1408167760,N,,20160218,2790000,,,,,,,,,,,,,,,,,,12,20160601,300237,112470,187767,1.2966,2790000,20160218,0.9220,20170504,20161231,361985,157601,204384,144804,1.4114,0.8964,,,,,,,,20160601,,,,,,,,,182342,1.2592,198959,1.3739,,,,,CMSA,Y,,,,3,,N,,,,,,,,
CGCMT16C1,304101581,25,25-003,20180312,,MY SPACE STORAGE 4TH STREET,306 NORTH 4TH STREET,BRIGHTON,MI,48116,,SS,1960,2002,19420,0,6,0.18536590,0.18536590,1625158.1436552880,N,,20160218,2280000,,,,,,,,,,,,,,,,,,12,20160601,242270,102531,139739,1.3013,2280000,20160218,0.9453,20170503,20161231,272167,102850,169317,107382,1.5767,0.9479,,,,,,,,20160601,,,,,,,,,136826,1.2741,166404,1.5496,,,,,CMSA,N,,,,3,,N,,,,,,,,
CGCMT16C1,304101581,25,25-001,20180312,,MY SPACE STORAGE LANSING,5814 SOUTH PENNSYLVANIA AVENUE,LANSING,MI,48911,,SS,1967,2010,36641,0,6,0.44715450,0.44715450,3920336.89663044,N,,20160218,5500000,,,,,,,,,,,,,,,,,,12,20160601,507549,176129,331420,1.3401,5500000,20160218,0.9560,20170412,20161231,553876,194361,359515,247305,1.4537,0.9253,,,,,,,,20160601,,,,,,,,,322198,1.3028,350293,1.4164,,,,,CMSA,Y,,,,3,,N,,,,,,,,
CGCMT16C1,407004604,26,26-001,20180312,,COUNTRY OAKS RETAIL CENTER,9598 SOUTHWEST 114TH STREET,OCALA,FL,34481,,RT,2006,,88550,0,6,1,1,8714887.65,N,,20160215,12250000,,,,,,20171231,0.01,0,0,0.70,0.28,Bealls,62245,Dollar Tree,10055,Flooring Factory Outlet,10000,12,20160601,1022553,237880,784673,1.3595,12250000,20160215,1,20170621,20171231,1080173,287985,792188,577137,1.3726,1,20161231,1079851,350677,729174,577137,1.2634,1,20160601,,,,,,,,,749252,1.2982,756767,1.3112,693753,1.2020,,,CMSA,N,20210430,20240601,20241231,3,,N,Sheiwin Williams,5000,ROSE NAILS,1250,20220731,20181231,,
CGCMT16C1,695100652,27,27-001,20180312,,FAIRFIELD INN ASHEVILLE SOUTH,11 ROCKY RIDGE ROAD,ASHEVILLE,NC,28806,,LO,1997,2012,,92,6,1,1,8317652.38,N,,20160315,14300000,,,,0.6839,20170930,,,,,,,,,,,,,12,20160601,2820784,1541497,1279287,1.8808,14300000,20160315,0.79,20170629,20161231,2907188,1739494,1167694,680147,1.7168,0.7897,,,,,,,,20160601,1974103,1151703,822400,510110,1.6122,20170101,20170930,YN,1166456,1.7150,1054863,1.5509,,,737777,1.4463,CMSA,N,,,,3,,N,,,,,,,,
CGCMT16C1,304101587,28,28-001,20180312,,PFLUGERVILLE SC,15424 FM 1825,PFLUGERVILLE,TX,78660,,RT,1998,2006,67149,0,6,1,1,8625000,N,,20160226,11500000,,,,0.9282,20170928,20170630,0,0.06,0.12,0.04,0.78,Ashley Furniture,38914,Kung Fu Buffet,6109,Dr. Ronald Planet Smile Denta,4772,12,20160601,1219730,450190,769540,1.3929,11500000,20160226,0.8780,20180119,20161231,1205568,443633,761935,434053,1.7553,0.9047,,,,,,,,20160601,947295,344171,603124,324947,1.8560,20170101,20170930,YN,712444,1.2896,704839,1.6238,,,560303,1.7242,CMSA,N,20280831,20200131,20220731,3,,N,Anh Vi Duong dba Enso Nails,2457,Index Hosp Austin  LP dba Au,2002,20210331,20230531,,
CGCMT16C1,305990029,29,29-001,20180312,,AMSDELL DEVON 2.0,10-12 EAST OREGON AVENUE,PHILADELPHIA,PA,19148,,SS,1940,2002,104580,0,6,1,1,8400000,N,,20160224,11200000,,,,0.7189,20170930,,,,,,,,,,,,,12,20160601,1002164,383906,618258,1.0971,11200000,20160224,0.5560,20180118,20161231,981799,402075,579724,456493,1.2699,0.5377,,,,,,,,20160601,873326,375872,497454,342683,1.4516,20170101,20170930,YN,599434,1.0637,560900,1.2287,,,483336,1.4104,CMSA,Y,,,,3,,N,,,,,,,,
CGCMT16C1,695100648,30,30-001,20180312,,CENTENNIAL CENTER,300-390 SOUTH MCCASLIN BOULEVARD,LOUISVILLE,CO,80027,,RT,1986,,51970,0,6,1,1,8250000,N,,20160218,11400000,,,,0.9615,20170930,20170930,0,0.07,0.34,0.16,0.43,La Petite Academy  Inc.,9400,Hi-Tech Appliances,5200,Centennial Wine & Spirits,4810,12,20160601,1137872,374195,763677,1.4059,11400000,20160218,0.9420,20170208,20161231,1188487,401727,786760,435563,1.8063,1,,,,,,,,20160601,929675,389649,540026,326077,1.6561,20170101,20170930,YN,724698,1.3341,747781,1.7168,,,510791,1.5664,CMSA,N,20200630,20220930,20210630,3,,N,Centennial Automotive Rep,4742,The Family Vet  P.C.,4014,20320731,20191231,,
CGCMT16C1,304101541,31,31-001,20180312,,EMORY VILLAGE,1401-1405 OXFORD ROAD AND 1554-1556 NORTH DECATUR ROAD,ATLANTA,GA,30307,,RT,1962,1998,24074,0,6,1,1,7250000,N,,20160205,10500000,,,,,,20171231,0,0.08,0.59,0.10,0.23,CVS,13568,Chipotle Mexican Grill  Inc.,2705,Keba Spitfire Grill,2458,12,20160601,788994,173654,615340,1.2539,10500000,20160205,1,20170515,20171231,845211,210956,634255,399878,1.5861,1,20161231,804616,240933,563683,400973,1.4057,1,20160601,,,,,,,,,592226,1.2068,611141,1.5283,540569,1.3481,,,CMSA,N,20200131,20220131,20210810,3,,N,Doc Chey's Noodle House,1965,Romeo's NY Pizza,1952,20190531,20220630,,
CGCMT16C1,695100651,32,32-001,20180312,,OMNI APARTMENTS,2049 SOUTH TRIVIZ DRIVE,LAS CRUCES,NM,88001,,MF,1987,,,162,6,0.67486630,0.67486630,4566690.4010752170,N,,20160217,6310000,,,,0.8651,20170807,,,,,,,,,,,,,12,20160601,871667,396247,475420,1.5753,6310000,20160217,0.92,20171207,20161231,1216848,508618,708230,447180,1.5837,0.9116,,,,,,,,20160601,617033,294215,322818,223590,1.4437,20170101,20170630,YN,425200,1.4089,641580,1.4347,,,289493,1.2947,CMSA,N,,,,2,,N,,,,,,,,
CGCMT16C1,695100651,32,32-002,20180312,,CENTRE SQUARE APARTMENTS,2135 PAYNE STREET,LAS CRUCES,NM,88001,,MF,1997,,,53,6,0.32513370,0.32513370,2200117.1889247830,N,,20160217,3040000,,,,0.8651,20170807,,,,,,,,,,,,,12,20160601,349965,140002,209963,1.4441,3040000,20160217,0.9430,20171207,20161231,0,0,0,0,0,0.9116,,,,,,,,20160601,0,0,0,0,0,20170101,20170630,YN,193533,1.3311,0,,,,0,,CMSA,N,,,,2,,N,,,,,,,,
CGCMT16C1,407004598,33,33-001,20180312,,PHELAN VILLAGE SHOPPING CENTER,4013-4083 PHELAN ROAD,PHELAN,CA,92371,,RT,1990,,58548,0,6,1,1,6523685.88,N,,20160205,11000000,,,,0.9575,20171011,20171011,0,0.06,0.07,0.68,0.19,Rite Aid,31472,Excelsior Charter School,4020,Chief Auto Parts  Inc,3978,12,20160601,962597,280867,681730,1.5355,11000000,20160205,0.9680,20170403,20161231,986167,369478,616689,443972,1.3890,0.9680,,,,,,,,20160601,656348,208255,448093,332979,1.3457,20170101,20170930,YN,613229,1.3812,548188,1.2347,,,396718,1.1914,CMSA,N,20210201,20200228,20230831,3,,N,McDonalds Corp. Store,3000,Ellen Molla/Coldwell Banker,1875,20221213,20220430,,
CGCMT16C1,407000613,34,34-001,20180312,,COMMUNITY SELF STORAGE,8300 NORTH FRY ROAD,CYPRESS,TX,77433,,SS,2007,,103555,0,6,1,1,6424045.83,N,,20151103,10400000,,,,,,,,,,,,,,,,,,12,20160601,1144282,451062,693220,1.5897,10400000,20151103,0.8440,20170623,20171231,1017100,431019,586081,436052,1.3440,0.7620,20161231,1017882,490988,526894,436052,1.2083,0.82,20160601,,,,,,,,,682864,1.5660,575725,1.3203,516538,1.1845,,,CMSA,N,,,,3,,N,,,,,,,,
CGCMT16C1,304101580,35,35-001,20180312,,WINTERHAVEN SQUARE,6031 CYPRESS GARDENS BOULEVARD,WINTER HAVEN,FL,33884,,RT,1993,,65370,0,6,1,1,5350979.96,N,,20160204,8300000,,,,1,20170930,20170930,0.80,0.05,0.12,0,0.02,Publix Supermarkets,47814,Rainbow USA,6430,BayCare Health Systems  Inc.,3200,12,20160601,721375,231757,489618,1.4058,8300000,20160204,1,20170710,20161231,730246,227086,503160,348277,1.4447,1,,,,,,,,20160601,520694,174225,346469,261208,1.3264,20170101,20170930,YN,447111,1.2837,460653,1.3226,,,314588,1.2043,CMSA,N,20180616,20200131,20180731,3,,N,Jade Nails & Spa,1600,Publix Liquors,1600,20180131,20181231,,
CGCMT16C1,304101557,36,36-001,20180312,,"RITE AID - LYNDEN  WA",8090 GUIDE MERIDIAN ROAD,LYNDEN,WA,98264,,RT,2006,,17579,0,6,0.66331660,0.66331660,3615075.47,N,,20160310,6600000,,,,,,20171231,0,0,0,0,1,Rite Aid,17579,,,,,12,20160601,417715,16897,400818,1.9093,6600000,20160310,1,20170403,20171231,438630,8773,429857,163611,2.6273,1,20161231,428660,13362,415298,164059,2.5313,1,20160601,,,,,,,,,381266,1.8161,410305,2.5078,395746,2.4122,,,CMSA,N,20260331,,,3,,N,,,,,,,,
CGCMT16C1,304101557,36,36-002,20180312,,"RITE AID - ATCO  NJ",375 WHITE HORSE PIKE,ATCO,NJ,08004,,RT,2006,,14654,0,6,0.33668340,0.33668340,1834924.53,Y,,20151223,3350000,,,,,,20171231,0,0,0,0,1,Rite Aid,14325,,,,,12,20160601,415708,206872,208836,1.5269,3350000,20151223,1,20170612,20171231,245020,4900,240120,106595,2.2526,1,20161231,239453,11973,227480,106887,2.1282,1,20160601,,,,,,,,,190716,1.3944,222000,2.0826,209360,1.9587,,,CMSA,N,20260331,,,3,,N,,,,,,,,
CGCMT16C1,304101588,37,37-001,20180312,,CAPE ATLANTIC SELF STORAGE,3 WEST ROOSEVELT BOULEVARD,MARMORA,NJ,08223,,SS,2001,,52975,0,6,1,1,5100000,N,,20160316,7575000,,,,,,,,,,,,,,,,,,12,20160601,694737,245645,449092,1.3097,7575000,20160316,0.9110,20170609,20171231,682294,268638,413656,278191,1.4869,0.8288,20161231,736950,230473,506477,278953,1.8156,0.7916,20160601,,,,,,,,,441146,1.2865,405710,1.4583,498531,1.7871,,,CMSA,N,,,,3,,N,,,,,,,,
CGCMT16C1,407000612,38,38-001,20180312,,PLAZA FRONTIER,"3136  3140 AND 3146 NORTH STOCKTON HILL ROAD",KINGMAN,AZ,86401,,RT,1980,2014,81013,0,6,1,1,4888428.86,N,,20150918,7200000,,,,,,20180101,0,0,0,0,1,Tractor Supply,25898,FP Stores  Inc,24268,99 Cents Only Store,17167,12,20160601,819634,238508,581126,1.7431,7200000,20150918,1,20170711,20171231,730881,186761,544120,333374,1.6321,1,20161231,810517,210870,599647,333374,1.7987,1,20160601,,,,,,,,,524417,1.5730,487411,1.4620,542938,1.6286,,,CMSA,N,20240131,20250131,20230131,3,,N,SEARS,7680,Boyd's Outlaw Sleep Center  LLC,3600,20230722,20250731,,
CGCMT16C1,305990039,39,39-001,20180312,,MOUNTAINSIDE CROSSING,9815 WEST HAPPY VALLEY ROAD,PEORIA,AZ,85383,,RT,2008,,25143,0,6,1,1,5010000,N,,20160317,6800000,,,,0.9466,20170930,20170930,0.10,0.31,0.05,0.19,0.35,Mattress Firm,6000,La Dance,3800,Herbal Nail Bar,2300,12,20160601,659025,193203,465822,1.4466,6800000,20160317,0.9466,20170313,20161231,668776,220641,448135,253656,1.7667,0.9465,,,,,,,,20160601,528186,163465,364721,189896,1.9206,20170101,20170930,YN,436469,1.3554,418782,1.6509,,,342706,1.8047,CMSA,N,20241031,20190930,20220930,2,,N,Lake Pleasant Cleaners,2200,BROTHERS PIZZA,2000,20201031,20190731,,
CGCMT16C1,407004612,40,40-001,20180312,,TOSCANA PARK,"201-335 FLORENCE AVENUE AND 322  325  326 TOSCANA BOULEVARD",GRANGER,IN,46530,,MU,2007,,50088,18,6,1,1,4846481.83,N,,20160218,8500000,,,,0.9133,20171001,20171001,0.09,0.09,0.17,0.08,0.57,South Bend Specialty Surgery Center. LLC,7000,Ear  Nose & Throat of Michiana  PC,5835,Granger Golf Club  LLC,4673,12,20160601,915363,407444,507919,1.5353,8500000,20160218,0.8540,20170623,20161231,957868,430406,527462,330813,1.5944,0.9124,,,,,,,,20160601,678866,303816,375050,248110,1.5116,20170101,20170930,YN,447813,1.3536,467356,1.4127,,,329971,1.3299,CMSA,N,20230228,20240226,20200731,3,,N,1000 Degree Pizza  LLC,4270,Beacon Medical Group INC,3819,20230630,20201124,,
CGCMT16C1,305990041,41,41-001,20180312,,AMBASSADOR HOUSE APARTMENTS,4517 NORTH PENNSYLVANIA AVENUE,OKLAHOMA CITY,OK,73112,,MF,1966,2014,,142,6,1,1,4725000,N,,20150903,7430000,,,,0.7676,20170601,,,,,,,,,,,,,12,20160601,1018198,526953,491245,2.1193,7430000,20150903,0.9010,20170913,20161231,937693.79,580330.43,357363.36,232429.45,1.5375,0.7958,,,,,,,,20160601,460090.53,266633.09,193457.44,115580.58,1.6737,20170101,20170630,YN,448645,1.9355,314762.38,1.3542,,,172157.44,1.4895,CMSA,Y,,,,3,,N,,,,,,,,
CGCMT16C1,695100653,42,42-001,20180312,,EAGLE CREEK,4280 SOUTH LEE STREET,BUFORD,GA,30518,,MF,1972,2003,,114,6,1,1,4400000,N,,20160329,6600000,,,,,,,,,,,,,,,,,,12,20160601,863603,406781,456822,1.5629,6600000,20160329,0.9650,20170614,20171231,997496,392788,604708,235190,2.5711,0.9298,20161231,893380.17,321565.18,571814.99,235834.42,2.4246,0.9474,20160601,,,,,,,,,421919,1.4435,569805,2.4227,536911.37,2.2766,,,CMSA,N,,,,3,,N,,,,,,,,
CGCMT16C1,305990043,43,43-001,20180312,,OAKWOOD PLAZA RETAIL,1837 HOMER ADAMS PARKWAY,ALTON,IL,62002,,RT,2005,,45400,0,6,1,1,4400000,N,,20160120,7500000,,,,,,20171231,0.31,0,0.33,0.19,0.17,Club Fitness,10400,Dollar Tree,10000,Panera  LLC,4200,12,20160601,929824,300991,628833,2.2699,7500000,20160120,0.9560,20170601,20171231,919484,275782,643702,214133,3.0060,0.9559,20161231,973339,296819,676520,214720,3.1507,0.9559,20160601,,,,,,,,,531419,1.9183,546288,2.5511,579106,2.6970,,,CMSA,N,20180304,20200630,20201231,3,,N,Cato,4000,ProRehab  P.C.,3000,20210131,20241130,,
CGCMT16C1,407000614,44,44-001,20180312,,RIVERBEND ESTATES,4402 RIVER BEND DRIVE,SAN ANGELO,TX,76903,,MH,1959,,,166,6,0.56371190,0.56371190,2409301.0641180780,N,,20151113,4070000,,,,0.9518,20170930,,,,,,,,,,,,,12,20160601,451574,159663,291911,1.7681,4070000,20151113,0.9760,20170720,20161231,561416,238849,322567,165096,1.9538,0.9398,,,,,,,,20160601,440545,216641,223904,123822,1.8082,20170101,20170930,YN,280711,1.7002,311367,1.8859,,,215504,1.7404,CMSA,N,,,,3,,N,,,,,,,,
CGCMT16C1,407000614,44,44-002,20180312,,CHRISTOVAL ESTATES,3511 CHRISTOVAL ROAD,SAN ANGELO,TX,76903,,MH,1956,,,110,6,0.43628810,0.43628810,1864692.5558819220,N,,20151113,3150000,,,,0.9273,20170930,,,,,,,,,,,,,12,20160601,336798,129260,207538,1.6242,3150000,20151113,0.9640,20171212,20161231,398733,175360,223373,127777,1.7481,0.8818,,,,,,,,20160601,316121,143015,173106,95833,1.8063,20170101,20170930,YN,199038,1.5576,214873,1.6816,,,166731,1.7398,CMSA,N,,,,3,,N,,,,,,,,
CGCMT16C1,304101554,45,45-001,20180312,,SHOPS AT HARBISON HILL,131 HARBISON BOULEVARD,COLUMBIA,SC,29212,,RT,1998,2012,16756,0,6,1,1,4296508.68,N,,20160125,6500000,,,,0.8854,20170930,20170930,0.13,0,0.19,0.12,0.55,Mattress Firm,4280,Liberty Mutual Insurance,2866,Heartland Dental Care  Inc.,2555,12,20160601,571385,147269,424116,1.4713,6500000,20160125,0.8850,20170526,20161231,529209,159446,369763,232181,1.5925,0.8854,,,,,,,,20160601,440817,113506,327311,196864,1.6626,20170101,20170930,YN,403448,1.3996,349095,1.5035,,,311811,1.5838,CMSA,N,20211030,20200430,20230831,3,,N,Mr PC LLC,1990,Scottrade  Inc.,1844,20171231,20210430,,
CGCMT16C1,304101538,46,46-001,20180312,,ROME HILLIARD STORAGE,466 HILLIARD ROME ROAD,HILLIARD,OH,43026,,SS,1965,,44500,0,6,0.652921,0.652921,2763849.96825978,N,,20151221,3800000,,,,,,,,,,,,,,,,,,12,20160601,513283,209996,303287,1.4414,3800000,20151221,0.9225,20170406,20171231,580378,203017,377361,210410,1.7934,0.8911,20161231,557964,214669,343295,210410,1.6315,0.9241,20160601,,,,,,,,,296612,1.4096,370686,1.7617,336620,1.5998,,,CMSA,N,,,,3,,N,,,,,,,,
CGCMT16C1,304101538,46,46-002,20180312,,BETTA STOR-IT,2614 WEST HIGHWAY 98,MARY ESTHER,FL,32569,,SS,1989,,39125,0,6,0.347079,0.347079,1469204.21174022,N,,20151222,2020000,,,,,,,,,,,,,,,,,,12,20160601,195536,93747,101789,1.2553,2020000,20151222,0.5441,20170511,20171231,204761,78071,126690,81082,1.5624,0.5526,20161231,201573,62759,138814,81082,1.7120,0.4850,20160601,,,,,,,,,95920,1.1829,120821,1.4901,132945,1.6396,,,CMSA,N,,,,3,,N,,,,,,,,
CGCMT16C1,407000607,47,47-001,20180312,407000607,SHIFRIN VERIZON & ASPEN OXFORD,101 OXFORD EXCHANGE BOULEVARD,OXFORD,AL,36203,,RT,2013,,7861,0,6,1,1,2178032.22,N,,20150914,7500000,,,,,,20171231,0,0,0,0,1,Cellco Partnership d/b/a Verizon Wireless,4582,Aspen Dental Management  Inc,3279,,,12,20160601,329008,48770,280238,1.9523,7500000,20150914,1,20170628,20171231,346324,69438,276886,143542,1.9289,1,20161231,351166,57616,293550,143542,2.0450,1,20160601,,,,,,,,,271197,1.8893,267845,1.8659,284509,1.9820,,,CMSA,N,20240131,20231031,,3,,N,,,,,,,,
CGCMT16C1,407000606,48,48-001,20180312,407000607,SHIFRIN VERIZON CENTERVILLE,2902 WATSON BOULEVARD,CENTERVILLE,GA,31028,,RT,2010,,5000,0,6,1,1,1815026.71,N,,20150916,3400000,,,,,,20171231,0,0,0,0,1,Verizon,5000,,,,,12,20160601,264480,23714,240766,2.0127,3400000,20150916,1,20171102,20171231,278400,26250,252150,119619,2.1079,1,20161231,262137,20670,241467,119619,2.0186,1,20160601,,,,,,,,,235016,1.9647,246400,2.0598,235717,1.9705,,,CMSA,N,20250325,,,3,,Y,,,,,,,,
CGCMT16C1,304101555,49,49-001,20180312,,WALGREENS CLINTON,245 SOUTH MAIN STREET,CLINTON,TN,37716,,RT,2003,,13650,0,6,1,1,3880593.48,N,,20160214,5750000,,,,,,20171231,0,0,0,0,1,Walgreens,13650,,,,,12,20160601,337237,6745,330492,1.2799,5750000,20160214,1,20170701,20171231,342000,6840,335160,258202,1.2980,1,20161231,341886,6838,335048,258202,1.2976,1,20160601,,,,,,,,,329127,1.2746,333795,1.2927,333683,1.2923,,,CMSA,N,20770827,,,3,,Y,,,,,,,,
CGCMT16C1,304101578,50,50-001,20180312,,FOOD LION ZEBULON,114 WAKELON STREET,ZEBULON,NC,27597,,RT,1985,,113095,0,6,1,1,3687887.08,N,,20160308,8000000,,,,1,20170930,20170930,0.06,0.03,0.10,0.33,0.49,Roses,45495,Food Lion,37200,Aaron Rents,9600,12,20160601,939238,265990,673248,2.1725,8000000,20160308,1,20170502,20161231,976701,266077,710624,309894,2.2931,1,,,,,,,,20160601,739002,188409,550593,232421,2.3689,20170101,20170930,YN,543189,1.7528,580565,1.8734,,,453049,1.9492,CMSA,N,20211021,20210530,20221130,3,,N,Fit for Life,4800,MY EYE DR.,3200,20200228,20180731,,
CGCMT16C1,695100650,51,51-001,20180312,,LYNNHAVEN GREEN SHOPPING CENTER,1505 LYNNHAVEN PARKWAY,VIRGINIA BEACH,VA,23453,,RT,1980,2014,50838,7,6,1,1,3500420.85,N,,20160222,4900000,,,,0.9012,20170930,20170930,0.18,0,0,0,0.82,Farmers Mart,33963,Dollar General,8450,Taqueria Y Pupuseria Las Brasas,1700,12,20160601,462925,121623,341302,1.4725,4900000,20160222,1,20170531,20161231,490736,141170,349566,231775,1.5082,1,,,,,,,,20160601,367204,95750,271454,173831,1.5615,20170101,20170930,YN,306223,1.3212,314487,1.3568,,,245146,1.4102,CMSA,N,20290228,20180531,20220228,3,,N,China Work,1700,,,20220831,,,
CGCMT16C1,305990052,52,52-001,20180312,,HENDERSON PLACE APARTMENTS,170 HENDERSON STREET,MIDLOTHIAN,TX,76065,,MF,2001,,,50,6,1,1,2568966.14,N,,20151204,3750000,,,,,,,,,,,,,,,,,,12,20160601,491843,232108,259735,1.5302,3750000,20151204,0.98,20170615,20171231,514959,296259,218700,169739,1.2884,0.9649,20161231,498873.29,256070.21,242803.08,169739.32,1.4304,1,20160601,,,,,,,,,243485,1.4344,202450,1.1927,226552.45,1.3347,,,CMSA,N,,,,3,,N,,,,,,,,
CGCMT16C1,407000620,53,53-001,20180312,,10024 SKOKIE BOULEVARD,10024 SKOKIE BOULEVARD,SKOKIE,IL,60077,,OF,1977,2010,26698,0,6,1,1,2523992.24,N,,20150916,4440000,,,,,,20171231,0.54,0.39,0.05,0,0.02,SKIN CARE AND SPA INSTITUTE INC.,4437,NAIL TECHNOLOGY SCHOOL INC,2096,CURRENCE  INC.,1729,12,20160601,595098,270845,324253,1.8960,4440000,20150916,1,20170622,20171231,621458,314535,306923,171014,1.7947,0.8611,20161231,607122,308416,298706,171014,1.7466,0.8679,20160601,,,,,,,,,294657,1.7229,277327,1.6216,269110,1.5736,,,CMSA,N,20190131,20190515,20180430,3,,N,DR JAN JOHNSON  M.D.,1299,WILLIAM O'MEARA,1188,20200831,20181031,,
CGCMT16C1,305990054,54,54-001,20180312,,CREEKSIDE APARTMENTS,4029 PROFESSIONAL DRIVE,HOPE MILLS,NC,28348,,MF,1983,,,60,6,1,1,2419037.29,N,,20151120,3450000,,,,,,,,,,,,,,,,,,12,20160601,405202,154533,250669,1.5834,3450000,20151120,0.9330,20170830,20171231,250344,190374,59970,158307,0.3788,0.75,20161231,382714.30,178614.60,204099.70,158307.11,1.2892,0.4833,20160601,,,,,,,,,232669,1.4697,41970,0.2651,186099.21,1.1755,,,CMSA,Y,,,,3,,N,,,,,,,,
